series,study,study_short,condition,organism,replicate_idx,replicate_label,classifier,reads,bases,dna_pg,reads_per_fg,bases_per_fg,verified,source,source_detail,provenance_note,fold_reads_vs_round1_mean,fold_bases_vs_round1_mean
prior study,Mojarro et al. 2019,Mojarro et al.,2 pg Bacillus spizizenii DNA,Bacillus spizizenii,0.0,n/a,published_table1,5.0,5270.0,2.0,0.0025,2.635,True,published_table1,"Mojarro A, Hachey J, Bailey R, Brown M, Doebler R, Ruvkun G, Zuber MT, Carr CE. 'Nucleic Acid Extraction and Sequencing from Low-Biomass Synthetic Mars Analog Soils for In Situ Life Detection.' Astrobiology 2019;19(9):1139-1152. doi:10.1089/ast.2018.1929. PMC6708270. Table 1 'Low-Input Carrier Sequencing Metrics', row 'B. subtilis reads': Number of reads = 5; Total bases = 5,270; min 848 bp, max 1,559 bp, median 967 bp. Input mass 2 pg from the abstract.","VERIFIED against the published Table 1. Both coordinates of this point are now citable: reads_per_fg = 5/(2*1000) = 0.0025 and bases_per_fg = 5270/(2*1000) = 2.635. Table 1 also reports the whole run for context - 1,303,007 reads and 8,698,026,598 bases total, of which only 29 reads were non-lambda - which is the same carrier-dominated regime this study operates in. Note the target read median of 967 bp, directly comparable to the per-class read lengths this pipeline reports.",60.405867666666666,159.1324424794434
prior study,Zorzano et al. 2025,Zorzano et al.,Blank,metagenome,0.0,pooled (per 1.5 g),kraken2_q1,213.0,114079.0,504.90630975143404,0.0004218604439799141,0.22594092764687618,True,kraken2_reanalysis,"workbook '2026-04-29 Low-Input Comparison Calculations.xlsx' sheet 'Zorzano et al. 2025' H4 (hits), I4 (hit bases), O4 (DNA fg); Zorzano et al. 2025 raw reads reanalysed with wf-metagenomics v2.14.1, kraken2, PlusPF-8 database, minQ 1","Both axes come from the same Kraken2 minQ1 reanalysis of the published raw reads, so reads/fg and bases/fg are internally consistent. This is the plot default. DNA mass was below the fluorometer detection limit; the workbook back-calculates it from the paper's main-text yield of 1.046 Mbp per ng extracted DNA (dna_ng = total_bases / 1.046e6).",357.9730484848607,1855.856706885264
prior study,Zorzano et al. 2025,Zorzano et al.,Microbialite (2800 a),metagenome,0.0,pooled (per 1.5 g),kraken2_q1,1186.0,2464744.0,11420.0,0.00010385288966725044,0.21582697022767075,True,kraken2_reanalysis,"workbook '2026-04-29 Low-Input Comparison Calculations.xlsx' sheet 'Zorzano et al. 2025' H5 (hits), I5 (hit bases), O5 (DNA fg); Zorzano et al. 2025 raw reads reanalysed with wf-metagenomics v2.14.1, kraken2, PlusPF-8 database, minQ 1","Both axes come from the same Kraken2 minQ1 reanalysis of the published raw reads, so reads/fg and bases/fg are internally consistent. This is the plot default. DNA mass is the sum of all replicate Qubit readings in Zorzano Supplementary Table 1.",1454.1210133923553,1942.8247799198077
prior study,Zorzano et al. 2025,Zorzano et al.,"Microbialites (2800 a), 0.86 MGy",metagenome,0.0,pooled (per 1.5 g),kraken2_q1,497.0,1938118.0,5320.0,9.342105263157894e-05,0.3643078947368421,True,kraken2_reanalysis,"workbook '2026-04-29 Low-Input Comparison Calculations.xlsx' sheet 'Zorzano et al. 2025' H6 (hits), I6 (hit bases), O6 (DNA fg); Zorzano et al. 2025 raw reads reanalysed with wf-metagenomics v2.14.1, kraken2, PlusPF-8 database, minQ 1","Both axes come from the same Kraken2 minQ1 reanalysis of the published raw reads, so reads/fg and bases/fg are internally consistent. This is the plot default. DNA mass is the sum of all replicate Qubit readings in Zorzano Supplementary Table 1.",1616.495050234742,1150.987919809492
prior study,Zorzano et al. 2025,Zorzano et al.,"Microbialites (2800 a), 10.45 MGy",metagenome,0.0,pooled (per 1.5 g),kraken2_q1,691.0,1045059.0,1908.727533460803,0.00036202128794522894,0.547516071141466,True,kraken2_reanalysis,"workbook '2026-04-29 Low-Input Comparison Calculations.xlsx' sheet 'Zorzano et al. 2025' H7 (hits), I7 (hit bases), O7 (DNA fg); Zorzano et al. 2025 raw reads reanalysed with wf-metagenomics v2.14.1, kraken2, PlusPF-8 database, minQ 1","Both axes come from the same Kraken2 minQ1 reanalysis of the published raw reads, so reads/fg and bases/fg are internally consistent. This is the plot default. DNA mass was below the fluorometer detection limit; the workbook back-calculates it from the paper's main-text yield of 1.046 Mbp per ng extracted DNA (dna_ng = total_bases / 1.046e6).",417.1430636684383,765.8478134881849
prior study,Zorzano et al. 2025,Zorzano et al.,Stromatolites (541 Ma),metagenome,0.0,pooled (per 1.5 g),kraken2_q1,683.0,1355570.0,2145.330783938815,0.0003183658227035814,0.6318699242786147,True,kraken2_reanalysis,"workbook '2026-04-29 Low-Input Comparison Calculations.xlsx' sheet 'Zorzano et al. 2025' H8 (hits), I8 (hit bases), O8 (DNA fg); Zorzano et al. 2025 raw reads reanalysed with wf-metagenomics v2.14.1, kraken2, PlusPF-8 database, minQ 1","Both axes come from the same Kraken2 minQ1 reanalysis of the published raw reads, so reads/fg and bases/fg are internally consistent. This is the plot default. DNA mass was below the fluorometer detection limit; the workbook back-calculates it from the paper's main-text yield of 1.046 Mbp per ng extracted DNA (dna_ng = total_bases / 1.046e6).",474.3432190184272,663.6080778999735
prior study,Zorzano et al. 2025,Zorzano et al.,"Stromatolites (541 Ma), 10.45 MGy",metagenome,0.0,pooled (per 1.5 g),kraken2_q1,653.0,1817749.0,2631.11759082218,0.00024818351041313533,0.6908657394639607,True,kraken2_reanalysis,"workbook '2026-04-29 Low-Input Comparison Calculations.xlsx' sheet 'Zorzano et al. 2025' H9 (hits), I9 (hit bases), O9 (DNA fg); Zorzano et al. 2025 raw reads reanalysed with wf-metagenomics v2.14.1, kraken2, PlusPF-8 database, minQ 1","Both axes come from the same Kraken2 minQ1 reanalysis of the published raw reads, so reads/fg and bases/fg are internally consistent. This is the plot default. DNA mass was below the fluorometer detection limit; the workbook back-calculates it from the paper's main-text yield of 1.046 Mbp per ng extracted DNA (dna_ng = total_bases / 1.046e6).",608.479866028497,606.939904501093
prior study,Zorzano et al. 2025,Zorzano et al.,Oxide iron formation (2930 Ma),metagenome,0.0,pooled (per 1.5 g),kraken2_q1,663.0,2198489.0,3147.738049713193,0.00021062743771210868,0.6984345473729353,True,kraken2_reanalysis,"workbook '2026-04-29 Low-Input Comparison Calculations.xlsx' sheet 'Zorzano et al. 2025' H10 (hits), I10 (hit bases), O10 (DNA fg); Zorzano et al. 2025 raw reads reanalysed with wf-metagenomics v2.14.1, kraken2, PlusPF-8 database, minQ 1","Both axes come from the same Kraken2 minQ1 reanalysis of the published raw reads, so reads/fg and bases/fg are internally consistent. This is the plot default. DNA mass was below the fluorometer detection limit; the workbook back-calculates it from the paper's main-text yield of 1.046 Mbp per ng extracted DNA (dna_ng = total_bases / 1.046e6).",716.9752944204621,600.3626073631734
prior study,Zorzano et al. 2025,Zorzano et al.,"Oxide iron formation (2930 Ma), 10.45 MGy",metagenome,0.0,pooled (per 1.5 g),kraken2_q1,124.0,317393.0,530.2868068833651,0.00023383572510276199,0.5985308249801689,True,kraken2_reanalysis,"workbook '2026-04-29 Low-Input Comparison Calculations.xlsx' sheet 'Zorzano et al. 2025' H11 (hits), I11 (hit bases), O11 (DNA fg); Zorzano et al. 2025 raw reads reanalysed with wf-metagenomics v2.14.1, kraken2, PlusPF-8 database, minQ 1","Both axes come from the same Kraken2 minQ1 reanalysis of the published raw reads, so reads/fg and bases/fg are internally consistent. This is the plot default. DNA mass was below the fluorometer detection limit; the workbook back-calculates it from the paper's main-text yield of 1.046 Mbp per ng extracted DNA (dna_ng = total_bases / 1.046e6).",645.8152153624148,700.5720815585838
prior study,Zorzano et al. 2025,Zorzano et al.,Carbonate formation (2930 Ma),metagenome,0.0,pooled (per 1.5 g),kraken2_q1,645.0,1341325.0,2180.46845124283,0.00029580799466846726,0.6151545092227625,True,kraken2_reanalysis,"workbook '2026-04-29 Low-Input Comparison Calculations.xlsx' sheet 'Zorzano et al. 2025' H12 (hits), I12 (hit bases), O12 (DNA fg); Zorzano et al. 2025 raw reads reanalysed with wf-metagenomics v2.14.1, kraken2, PlusPF-8 database, minQ 1","Both axes come from the same Kraken2 minQ1 reanalysis of the published raw reads, so reads/fg and bases/fg are internally consistent. This is the plot default. DNA mass was below the fluorometer detection limit; the workbook back-calculates it from the paper's main-text yield of 1.046 Mbp per ng extracted DNA (dna_ng = total_bases / 1.046e6).",510.5158477407596,681.6401077237157
prior study,B. Raghavendra et al. 2023,Basapathi Raghavendra et al.,10 pg of E. coli lenticule discs extract,Escherichia coli,0.0,rep 1 / Escherichia coli,minimap2_competitive,4.0,15845.0,10.0,0.0004,1.5845,True,minimap2_reanalysis_this_pipeline,"Raghavendra et al. 2023 reads (Zenodo 8208597, fastq_pass) run through THIS pipeline: minimap2 -ax map-ont competitive assignment against E. coli NCTC 9001 (GCA_900706755.1) and S. cerevisiae S288C (GCF_000146045.2). Counts from results_raghavendra/raghavendra_2023_ec_r1/competitive/.","Like-for-like variant: counted exactly as this study's own data, removing the mapping-vs-classification asymmetry. Direct alignment to a known reference is markedly more sensitive than Kraken2 against PlusPF-8 - over all 14 rows this variant recovers 1201 target reads against 437 for kraken2_q10 (2.75x). Comparing this study's mapping counts to Kraken2-based prior-study counts therefore overstates the improvement; this is the honest comparison. S. cerevisiae strain is an assumption (YSC-2 carries no strain designation); human reads are deliberately excluded, making these counts an upper bound.",377.53667291666665,264.6348917218891
prior study,B. Raghavendra et al. 2023,Basapathi Raghavendra et al.,10 pg of E. coli lenticule discs extract,Escherichia coli,1.0,rep 2 / Escherichia coli,minimap2_competitive,2.0,21491.0,10.0,0.0002,2.1491,True,minimap2_reanalysis_this_pipeline,"Raghavendra et al. 2023 reads (Zenodo 8208597, fastq_pass) run through THIS pipeline: minimap2 -ax map-ont competitive assignment against E. coli NCTC 9001 (GCA_900706755.1) and S. cerevisiae S288C (GCF_000146045.2). Counts from results_raghavendra/raghavendra_2023_ec_r2/competitive/.","Like-for-like variant: counted exactly as this study's own data, removing the mapping-vs-classification asymmetry. Direct alignment to a known reference is markedly more sensitive than Kraken2 against PlusPF-8 - over all 14 rows this variant recovers 1201 target reads against 437 for kraken2_q10 (2.75x). Comparing this study's mapping counts to Kraken2-based prior-study counts therefore overstates the improvement; this is the honest comparison. S. cerevisiae strain is an assumption (YSC-2 carries no strain designation); human reads are deliberately excluded, making these counts an upper bound.",755.0733458333333,195.11143545360073
prior study,B. Raghavendra et al. 2023,Basapathi Raghavendra et al.,10 pg of E. coli lenticule discs extract,Escherichia coli,2.0,rep 3 / Escherichia coli,minimap2_competitive,23.0,52108.0,10.0,0.0023,5.2108,True,minimap2_reanalysis_this_pipeline,"Raghavendra et al. 2023 reads (Zenodo 8208597, fastq_pass) run through THIS pipeline: minimap2 -ax map-ont competitive assignment against E. coli NCTC 9001 (GCA_900706755.1) and S. cerevisiae S288C (GCF_000146045.2). Counts from results_raghavendra/raghavendra_2023_ec_r3/competitive/.","Like-for-like variant: counted exactly as this study's own data, removing the mapping-vs-classification asymmetry. Direct alignment to a known reference is markedly more sensitive than Kraken2 against PlusPF-8 - over all 14 rows this variant recovers 1201 target reads against 437 for kraken2_q10 (2.75x). Comparing this study's mapping counts to Kraken2-based prior-study counts therefore overstates the improvement; this is the honest comparison. S. cerevisiae strain is an assumption (YSC-2 carries no strain designation); human reads are deliberately excluded, making these counts an upper bound.",65.65855181159421,80.47017462449783
prior study,B. Raghavendra et al. 2023,Basapathi Raghavendra et al.,10 pg of YSC-2 yeast extract,Saccharomyces cerevisiae,0.0,rep 1 / Saccharomyces cerevisiae,minimap2_competitive,17.0,40487.0,10.0,0.0017,4.0487,True,minimap2_reanalysis_this_pipeline,"Raghavendra et al. 2023 reads (Zenodo 8208597, fastq_pass) run through THIS pipeline: minimap2 -ax map-ont competitive assignment against E. coli NCTC 9001 (GCA_900706755.1) and S. cerevisiae S288C (GCF_000146045.2). Counts from results_raghavendra/raghavendra_2023_ysc_r1/competitive/.","Like-for-like variant: counted exactly as this study's own data, removing the mapping-vs-classification asymmetry. Direct alignment to a known reference is markedly more sensitive than Kraken2 against PlusPF-8 - over all 14 rows this variant recovers 1201 target reads against 437 for kraken2_q10 (2.75x). Comparing this study's mapping counts to Kraken2-based prior-study counts therefore overstates the improvement; this is the honest comparison. S. cerevisiae strain is an assumption (YSC-2 carries no strain designation); human reads are deliberately excluded, making these counts an upper bound.",88.83215833333334,103.5675614230082
prior study,B. Raghavendra et al. 2023,Basapathi Raghavendra et al.,10 pg of YSC-2 yeast extract,Saccharomyces cerevisiae,1.0,rep 2 / Saccharomyces cerevisiae,minimap2_competitive,4.0,12343.0,10.0,0.0004,1.2343,True,minimap2_reanalysis_this_pipeline,"Raghavendra et al. 2023 reads (Zenodo 8208597, fastq_pass) run through THIS pipeline: minimap2 -ax map-ont competitive assignment against E. coli NCTC 9001 (GCA_900706755.1) and S. cerevisiae S288C (GCF_000146045.2). Counts from results_raghavendra/raghavendra_2023_ysc_r2/competitive/.","Like-for-like variant: counted exactly as this study's own data, removing the mapping-vs-classification asymmetry. Direct alignment to a known reference is markedly more sensitive than Kraken2 against PlusPF-8 - over all 14 rows this variant recovers 1201 target reads against 437 for kraken2_q10 (2.75x). Comparing this study's mapping counts to Kraken2-based prior-study counts therefore overstates the improvement; this is the honest comparison. S. cerevisiae strain is an assumption (YSC-2 carries no strain designation); human reads are deliberately excluded, making these counts an upper bound.",377.53667291666665,339.7180474222906
prior study,B. Raghavendra et al. 2023,Basapathi Raghavendra et al.,10 pg of YSC-2 yeast extract,Saccharomyces cerevisiae,2.0,rep 3 / Saccharomyces cerevisiae,minimap2_competitive,2.0,2379.0,10.0,0.0002,0.2379,True,minimap2_reanalysis_this_pipeline,"Raghavendra et al. 2023 reads (Zenodo 8208597, fastq_pass) run through THIS pipeline: minimap2 -ax map-ont competitive assignment against E. coli NCTC 9001 (GCA_900706755.1) and S. cerevisiae S288C (GCF_000146045.2). Counts from results_raghavendra/raghavendra_2023_ysc_r3/competitive/.","Like-for-like variant: counted exactly as this study's own data, removing the mapping-vs-classification asymmetry. Direct alignment to a known reference is markedly more sensitive than Kraken2 against PlusPF-8 - over all 14 rows this variant recovers 1201 target reads against 437 for kraken2_q10 (2.75x). Comparing this study's mapping counts to Kraken2-based prior-study counts therefore overstates the improvement; this is the honest comparison. S. cerevisiae strain is an assumption (YSC-2 carries no strain designation); human reads are deliberately excluded, making these counts an upper bound.",755.0733458333333,1762.5640434356171
prior study,B. Raghavendra et al. 2023,Basapathi Raghavendra et al.,10 pg of E. coli + 2 pg of S. cerevisiae,Escherichia coli,0.0,rep 1 / Escherichia coli,minimap2_competitive,3.0,3314.0,10.0,0.0003,0.3314,True,minimap2_reanalysis_this_pipeline,"Raghavendra et al. 2023 reads (Zenodo 8208597, fastq_pass) run through THIS pipeline: minimap2 -ax map-ont competitive assignment against E. coli NCTC 9001 (GCA_900706755.1) and S. cerevisiae S288C (GCF_000146045.2). Counts from results_raghavendra/raghavendra_2023_mix1_r1/competitive/.","Like-for-like variant: counted exactly as this study's own data, removing the mapping-vs-classification asymmetry. Direct alignment to a known reference is markedly more sensitive than Kraken2 against PlusPF-8 - over all 14 rows this variant recovers 1201 target reads against 437 for kraken2_q10 (2.75x). Comparing this study's mapping counts to Kraken2-based prior-study counts therefore overstates the improvement; this is the honest comparison. S. cerevisiae strain is an assumption (YSC-2 carries no strain designation); human reads are deliberately excluded, making these counts an upper bound.",503.3822305555556,1265.280585194126
prior study,B. Raghavendra et al. 2023,Basapathi Raghavendra et al.,10 pg of E. coli + 2 pg of S. cerevisiae,Saccharomyces cerevisiae,1.0,rep 1 / Saccharomyces cerevisiae,minimap2_competitive,3.0,2935.0,2.0,0.0015,1.4675,True,minimap2_reanalysis_this_pipeline,"Raghavendra et al. 2023 reads (Zenodo 8208597, fastq_pass) run through THIS pipeline: minimap2 -ax map-ont competitive assignment against E. coli NCTC 9001 (GCA_900706755.1) and S. cerevisiae S288C (GCF_000146045.2). Counts from results_raghavendra/raghavendra_2023_mix1_r1/competitive/.","Like-for-like variant: counted exactly as this study's own data, removing the mapping-vs-classification asymmetry. Direct alignment to a known reference is markedly more sensitive than Kraken2 against PlusPF-8 - over all 14 rows this variant recovers 1201 target reads against 437 for kraken2_q10 (2.75x). Comparing this study's mapping counts to Kraken2-based prior-study counts therefore overstates the improvement; this is the honest comparison. S. cerevisiae strain is an assumption (YSC-2 carries no strain designation); human reads are deliberately excluded, making these counts an upper bound.",100.6764461111111,285.73355089153887
prior study,B. Raghavendra et al. 2023,Basapathi Raghavendra et al.,10 pg of E. coli + 2 pg of S. cerevisiae,Escherichia coli,2.0,rep 2 / Escherichia coli,minimap2_competitive,136.0,78709.0,10.0,0.0136,7.8709,True,minimap2_reanalysis_this_pipeline,"Raghavendra et al. 2023 reads (Zenodo 8208597, fastq_pass) run through THIS pipeline: minimap2 -ax map-ont competitive assignment against E. coli NCTC 9001 (GCA_900706755.1) and S. cerevisiae S288C (GCF_000146045.2). Counts from results_raghavendra/raghavendra_2023_mix1_r2/competitive/.","Like-for-like variant: counted exactly as this study's own data, removing the mapping-vs-classification asymmetry. Direct alignment to a known reference is markedly more sensitive than Kraken2 against PlusPF-8 - over all 14 rows this variant recovers 1201 target reads against 437 for kraken2_q10 (2.75x). Comparing this study's mapping counts to Kraken2-based prior-study counts therefore overstates the improvement; this is the honest comparison. S. cerevisiae strain is an assumption (YSC-2 carries no strain designation); human reads are deliberately excluded, making these counts an upper bound.",11.104019791666667,53.273956718206726
prior study,B. Raghavendra et al. 2023,Basapathi Raghavendra et al.,10 pg of E. coli + 2 pg of S. cerevisiae,Saccharomyces cerevisiae,3.0,rep 2 / Saccharomyces cerevisiae,minimap2_competitive,304.0,150773.0,2.0,0.152,75.3865,True,minimap2_reanalysis_this_pipeline,"Raghavendra et al. 2023 reads (Zenodo 8208597, fastq_pass) run through THIS pipeline: minimap2 -ax map-ont competitive assignment against E. coli NCTC 9001 (GCA_900706755.1) and S. cerevisiae S288C (GCF_000146045.2). Counts from results_raghavendra/raghavendra_2023_mix1_r2/competitive/.","Like-for-like variant: counted exactly as this study's own data, removing the mapping-vs-classification asymmetry. Direct alignment to a known reference is markedly more sensitive than Kraken2 against PlusPF-8 - over all 14 rows this variant recovers 1201 target reads against 437 for kraken2_q10 (2.75x). Comparing this study's mapping counts to Kraken2-based prior-study counts therefore overstates the improvement; this is the honest comparison. S. cerevisiae strain is an assumption (YSC-2 carries no strain designation); human reads are deliberately excluded, making these counts an upper bound.",0.9935175603070175,5.562189330096679
prior study,B. Raghavendra et al. 2023,Basapathi Raghavendra et al.,10 pg of S. cerevisiae + 2 pg of E. coli,Escherichia coli,0.0,rep 1 / Escherichia coli,minimap2_competitive,117.0,77697.0,2.0,0.0585,38.8485,True,minimap2_reanalysis_this_pipeline,"Raghavendra et al. 2023 reads (Zenodo 8208597, fastq_pass) run through THIS pipeline: minimap2 -ax map-ont competitive assignment against E. coli NCTC 9001 (GCA_900706755.1) and S. cerevisiae S288C (GCF_000146045.2). Counts from results_raghavendra/raghavendra_2023_mix2_r1/competitive/.","Like-for-like variant: counted exactly as this study's own data, removing the mapping-vs-classification asymmetry. Direct alignment to a known reference is markedly more sensitive than Kraken2 against PlusPF-8 - over all 14 rows this variant recovers 1201 target reads against 437 for kraken2_q10 (2.75x). Comparing this study's mapping counts to Kraken2-based prior-study counts therefore overstates the improvement; this is the honest comparison. S. cerevisiae strain is an assumption (YSC-2 carries no strain designation); human reads are deliberately excluded, making these counts an upper bound.",2.581447336182336,10.79356953121313
prior study,B. Raghavendra et al. 2023,Basapathi Raghavendra et al.,10 pg of S. cerevisiae + 2 pg of E. coli,Saccharomyces cerevisiae,1.0,rep 1 / Saccharomyces cerevisiae,minimap2_competitive,349.0,256411.0,10.0,0.0349,25.6411,True,minimap2_reanalysis_this_pipeline,"Raghavendra et al. 2023 reads (Zenodo 8208597, fastq_pass) run through THIS pipeline: minimap2 -ax map-ont competitive assignment against E. coli NCTC 9001 (GCA_900706755.1) and S. cerevisiae S288C (GCF_000146045.2). Counts from results_raghavendra/raghavendra_2023_mix2_r1/competitive/.","Like-for-like variant: counted exactly as this study's own data, removing the mapping-vs-classification asymmetry. Direct alignment to a known reference is markedly more sensitive than Kraken2 against PlusPF-8 - over all 14 rows this variant recovers 1201 target reads against 437 for kraken2_q10 (2.75x). Comparing this study's mapping counts to Kraken2-based prior-study counts therefore overstates the improvement; this is the honest comparison. S. cerevisiae strain is an assumption (YSC-2 carries no strain designation); human reads are deliberately excluded, making these counts an upper bound.",4.32706788443171,16.353198027125718
prior study,B. Raghavendra et al. 2023,Basapathi Raghavendra et al.,10 pg of S. cerevisiae + 2 pg of E. coli,Escherichia coli,2.0,rep 2 / Escherichia coli,minimap2_competitive,217.0,101728.0,2.0,0.1085,50.864,True,minimap2_reanalysis_this_pipeline,"Raghavendra et al. 2023 reads (Zenodo 8208597, fastq_pass) run through THIS pipeline: minimap2 -ax map-ont competitive assignment against E. coli NCTC 9001 (GCA_900706755.1) and S. cerevisiae S288C (GCF_000146045.2). Counts from results_raghavendra/raghavendra_2023_mix2_r2/competitive/.","Like-for-like variant: counted exactly as this study's own data, removing the mapping-vs-classification asymmetry. Direct alignment to a known reference is markedly more sensitive than Kraken2 against PlusPF-8 - over all 14 rows this variant recovers 1201 target reads against 437 for kraken2_q10 (2.75x). Comparing this study's mapping counts to Kraken2-based prior-study counts therefore overstates the improvement; this is the honest comparison. S. cerevisiae strain is an assumption (YSC-2 carries no strain designation); human reads are deliberately excluded, making these counts an upper bound.",1.3918402688172042,8.243826398500577
prior study,B. Raghavendra et al. 2023,Basapathi Raghavendra et al.,10 pg of S. cerevisiae + 2 pg of E. coli,Saccharomyces cerevisiae,3.0,rep 2 / Saccharomyces cerevisiae,minimap2_competitive,20.0,7488.0,10.0,0.002,0.7488,True,minimap2_reanalysis_this_pipeline,"Raghavendra et al. 2023 reads (Zenodo 8208597, fastq_pass) run through THIS pipeline: minimap2 -ax map-ont competitive assignment against E. coli NCTC 9001 (GCA_900706755.1) and S. cerevisiae S288C (GCF_000146045.2). Counts from results_raghavendra/raghavendra_2023_mix2_r2/competitive/.","Like-for-like variant: counted exactly as this study's own data, removing the mapping-vs-classification asymmetry. Direct alignment to a known reference is markedly more sensitive than Kraken2 against PlusPF-8 - over all 14 rows this variant recovers 1201 target reads against 437 for kraken2_q10 (2.75x). Comparing this study's mapping counts to Kraken2-based prior-study counts therefore overstates the improvement; this is the honest comparison. S. cerevisiae strain is an assumption (YSC-2 carries no strain designation); human reads are deliberately excluded, making these counts an upper bound.",75.50733458333333,559.9812846331909
Round 1,This study,This study,"D6311 community DNA + lambda carrier, depletion-mode adaptive sampling",All organisms,1.0,replicate 1,minimap2_competitive,247765.0,639058259.0,1206.72,0.2053210355,529.582885,True,pipeline_run,results/lowinput_s1_r1/competitive/lowinput_s1_r1.metrics.tsv,Live pipeline output; 'All organisms' row of lowinput_s1_r1.metrics.tsv. Supersedes the legacy_spreadsheet seed value for experiment lowinput_s1.,0.7355051020413672,0.7917816036168414
Round 1,This study,This study,"D6311 community DNA + lambda carrier, depletion-mode adaptive sampling",All organisms,2.0,replicate 2,minimap2_competitive,140008.0,419237175.0,1000.0,0.140008,419.237175,True,pipeline_run,results/lowinput_s1_r2/competitive/lowinput_s1_r2.metrics.tsv,Live pipeline output; 'All organisms' row of lowinput_s1_r2.metrics.tsv. Supersedes the legacy_spreadsheet seed value for experiment lowinput_s1.,1.078614573214864,1.0001832159405553
Round 1,This study,This study,"D6311 community DNA + lambda carrier, depletion-mode adaptive sampling",All organisms,3.0,replicate 3,minimap2_competitive,144407.0,414421181.0,1340.64,0.107714972,309.1218978,True,pipeline_run,results/lowinput_s1_r3/competitive/lowinput_s1_r3.metrics.tsv,Live pipeline output; 'All organisms' row of lowinput_s1_r3.metrics.tsv. Supersedes the legacy_spreadsheet seed value for experiment lowinput_s1.,1.401984017288392,1.356468075919445
Round 2,This study,This study,"D6321 whole cells, post-extraction, depletion-mode adaptive sampling",All organisms,1.0,replicate 1,minimap2_competitive,30364.0,63905650.0,260.0,0.1167846154,245.7909615,True,pipeline_run,results/lowinput_s2_r1/competitive/lowinput_s2_r1.metrics.tsv,Live pipeline output; 'All organisms' row of lowinput_s2_r1.metrics.tsv. Supersedes the legacy_spreadsheet seed value for experiment lowinput_s2.,1.293104135758165,1.705978052953478
Round 2,This study,This study,"D6321 whole cells, post-extraction, depletion-mode adaptive sampling",All organisms,2.0,replicate 2,minimap2_competitive,72101.0,161923389.0,320.0,0.225315625,506.0105906,True,pipeline_run,results/lowinput_s2_r2/competitive/lowinput_s2_r2.metrics.tsv,Live pipeline output; 'All organisms' row of lowinput_s2_r2.metrics.tsv. Supersedes the legacy_spreadsheet seed value for experiment lowinput_s2.,0.6702361150793101,0.828666422645687
Round 2,This study,This study,"D6321 whole cells, post-extraction, depletion-mode adaptive sampling",All organisms,3.0,replicate 3,minimap2_competitive,70716.0,161166963.0,400.0,0.17679,402.9174075,True,pipeline_run,results/lowinput_s2_r3/competitive/lowinput_s2_r3.metrics.tsv,Live pipeline output; 'All organisms' row of lowinput_s2_r3.metrics.tsv. Supersedes the legacy_spreadsheet seed value for experiment lowinput_s2.,0.8542036832777118,1.040694638970974
