study	study_short	condition	organism	replicate_idx	replicate_label	row_type	classifier	reads	bases	dna_pg	dna_basis	reads_per_fg	bases_per_fg	verified	source	source_detail	provenance_note
Mojarro et al. 2019	Mojarro et al.	2 pg Bacillus spizizenii DNA	Bacillus spizizenii	0	n/a	sample	published_table1	5	5270	2	stated_input_mass	0.0025	2.635	TRUE	published_table1	Mojarro A, Hachey J, Bailey R, Brown M, Doebler R, Ruvkun G, Zuber MT, Carr CE. 'Nucleic Acid Extraction and Sequencing from Low-Biomass Synthetic Mars Analog Soils for In Situ Life Detection.' Astrobiology 2019;19(9):1139-1152. doi:10.1089/ast.2018.1929. PMC6708270. Table 1 'Low-Input Carrier Sequencing Metrics', row 'B. subtilis reads': Number of reads = 5; Total bases = 5,270; min 848 bp, max 1,559 bp, median 967 bp. Input mass 2 pg from the abstract.	VERIFIED against the published Table 1. Both coordinates of this point are now citable: reads_per_fg = 5/(2*1000) = 0.0025 and bases_per_fg = 5270/(2*1000) = 2.635. Table 1 also reports the whole run for context - 1,303,007 reads and 8,698,026,598 bases total, of which only 29 reads were non-lambda - which is the same carrier-dominated regime this study operates in. Note the target read median of 967 bp, directly comparable to the per-class read lengths this pipeline reports.
Zorzano et al. 2025	Zorzano et al.	Blank	metagenome	0	pooled (per 1.5 g)	sample	published_squeezemeta	28	1729	504.90630975143404	back_calculated_from_1.046_Mbp_per_ng	5.545583301144411e-05	0.0034243976884566736	TRUE	published_table	workbook '2026-04-29 Low-Input Comparison Calculations.xlsx' sheet 'Zorzano et al. 2025' G4 (hits), E4/F4 (total bases/reads), O4 (DNA fg); adapted from Zorzano et al. 2025 Supplementary Tables 1-2	Reads are the paper's own SqueezeMeta-classified 'Reported Hits'. The paper does NOT publish hit bases, so bases here are a DERIVED ESTIMATE: hits x mean read length (61.8 bp = published total bases / published total reads), i.e. hits are assumed to have the same length distribution as non-hits. That assumption is known to be wrong (our Kraken2 minQ1 hits average ~5-9x the overall mean read length), so treat this bases value as an upper-bound sketch. DNA mass was below the fluorometer detection limit; the workbook back-calculates it from the paper's main-text yield of 1.046 Mbp per ng extracted DNA (dna_ng = total_bases / 1.046e6).
Zorzano et al. 2025	Zorzano et al.	Blank	metagenome	0	pooled (per 1.5 g)	sample	kraken2_q1	213	114079	504.90630975143404	back_calculated_from_1.046_Mbp_per_ng	0.0004218604439799141	0.22594092764687618	TRUE	kraken2_reanalysis	workbook '2026-04-29 Low-Input Comparison Calculations.xlsx' sheet 'Zorzano et al. 2025' H4 (hits), I4 (hit bases), O4 (DNA fg); Zorzano et al. 2025 raw reads reanalysed with wf-metagenomics v2.14.1, kraken2, PlusPF-8 database, minQ 1	Both axes come from the same Kraken2 minQ1 reanalysis of the published raw reads, so reads/fg and bases/fg are internally consistent. This is the plot default. DNA mass was below the fluorometer detection limit; the workbook back-calculates it from the paper's main-text yield of 1.046 Mbp per ng extracted DNA (dna_ng = total_bases / 1.046e6).
Zorzano et al. 2025	Zorzano et al.	Blank	metagenome	0	pooled (per 1.5 g)	sample	legacy_hybrid_workbook	28	114079	504.90630975143404	back_calculated_from_1.046_Mbp_per_ng	5.545583301144411e-05	0.22594092764687618	TRUE	legacy_spreadsheet	workbook '2026-04-29 Low-Input Comparison Calculations.xlsx' 'Per Read Comparison'!E (= 'Zorzano et al. 2025'!Q, from G4) paired with 'Per Base Comparison'!E (= 'Zorzano et al. 2025'!R, from I4)	DEFECT (a) AXIS INCONSISTENCY, reproduced verbatim for audit: the workbook figure takes the x value from the paper's SqueezeMeta 'Reported Hits' (col G) and the y value from OUR Kraken2 minQ1 hit bases (col I). Different classifiers: here 28 reported hits vs 213 Kraken2 hits. Provided only so the legacy figure can be reproduced; do not use for publication.
Zorzano et al. 2025	Zorzano et al.	Microbialite (2800 a)	metagenome	0	pooled (per 1.5 g)	sample	published_squeezemeta	7806	5942463	11420	measured_qubit_total_of_replicates	0.0006835376532399299	0.5203557793345008	TRUE	published_table	workbook '2026-04-29 Low-Input Comparison Calculations.xlsx' sheet 'Zorzano et al. 2025' G5 (hits), E5/F5 (total bases/reads), O5 (DNA fg); adapted from Zorzano et al. 2025 Supplementary Tables 1-2	Reads are the paper's own SqueezeMeta-classified 'Reported Hits'. The paper does NOT publish hit bases, so bases here are a DERIVED ESTIMATE: hits x mean read length (761.3 bp = published total bases / published total reads), i.e. hits are assumed to have the same length distribution as non-hits. That assumption is known to be wrong (our Kraken2 minQ1 hits average ~5-9x the overall mean read length), so treat this bases value as an upper-bound sketch. DNA mass is the sum of all replicate Qubit readings in Zorzano Supplementary Table 1.
Zorzano et al. 2025	Zorzano et al.	Microbialite (2800 a)	metagenome	0	pooled (per 1.5 g)	sample	kraken2_q1	1186	2464744	11420	measured_qubit_total_of_replicates	0.00010385288966725044	0.21582697022767075	TRUE	kraken2_reanalysis	workbook '2026-04-29 Low-Input Comparison Calculations.xlsx' sheet 'Zorzano et al. 2025' H5 (hits), I5 (hit bases), O5 (DNA fg); Zorzano et al. 2025 raw reads reanalysed with wf-metagenomics v2.14.1, kraken2, PlusPF-8 database, minQ 1	Both axes come from the same Kraken2 minQ1 reanalysis of the published raw reads, so reads/fg and bases/fg are internally consistent. This is the plot default. DNA mass is the sum of all replicate Qubit readings in Zorzano Supplementary Table 1.
Zorzano et al. 2025	Zorzano et al.	Microbialite (2800 a)	metagenome	0	pooled (per 1.5 g)	sample	legacy_hybrid_workbook	7806	2464744	11420	measured_qubit_total_of_replicates	0.0006835376532399299	0.21582697022767075	TRUE	legacy_spreadsheet	workbook '2026-04-29 Low-Input Comparison Calculations.xlsx' 'Per Read Comparison'!E (= 'Zorzano et al. 2025'!Q, from G5) paired with 'Per Base Comparison'!E (= 'Zorzano et al. 2025'!R, from I5)	DEFECT (a) AXIS INCONSISTENCY, reproduced verbatim for audit: the workbook figure takes the x value from the paper's SqueezeMeta 'Reported Hits' (col G) and the y value from OUR Kraken2 minQ1 hit bases (col I). Different classifiers: here 7806 reported hits vs 1186 Kraken2 hits. Provided only so the legacy figure can be reproduced; do not use for publication.
Zorzano et al. 2025	Zorzano et al.	Microbialites (2800 a), 0.86 MGy	metagenome	0	pooled (per 1.5 g)	sample	published_squeezemeta	1150	208424	5320	measured_qubit_total_of_replicates	0.00021616541353383458	0.039177443609022554	TRUE	published_table	workbook '2026-04-29 Low-Input Comparison Calculations.xlsx' sheet 'Zorzano et al. 2025' G6 (hits), E6/F6 (total bases/reads), O6 (DNA fg); adapted from Zorzano et al. 2025 Supplementary Tables 1-2	Reads are the paper's own SqueezeMeta-classified 'Reported Hits'. The paper does NOT publish hit bases, so bases here are a DERIVED ESTIMATE: hits x mean read length (181.2 bp = published total bases / published total reads), i.e. hits are assumed to have the same length distribution as non-hits. That assumption is known to be wrong (our Kraken2 minQ1 hits average ~5-9x the overall mean read length), so treat this bases value as an upper-bound sketch. DNA mass is the sum of all replicate Qubit readings in Zorzano Supplementary Table 1.
Zorzano et al. 2025	Zorzano et al.	Microbialites (2800 a), 0.86 MGy	metagenome	0	pooled (per 1.5 g)	sample	kraken2_q1	497	1938118	5320	measured_qubit_total_of_replicates	9.342105263157894e-05	0.3643078947368421	TRUE	kraken2_reanalysis	workbook '2026-04-29 Low-Input Comparison Calculations.xlsx' sheet 'Zorzano et al. 2025' H6 (hits), I6 (hit bases), O6 (DNA fg); Zorzano et al. 2025 raw reads reanalysed with wf-metagenomics v2.14.1, kraken2, PlusPF-8 database, minQ 1	Both axes come from the same Kraken2 minQ1 reanalysis of the published raw reads, so reads/fg and bases/fg are internally consistent. This is the plot default. DNA mass is the sum of all replicate Qubit readings in Zorzano Supplementary Table 1.
Zorzano et al. 2025	Zorzano et al.	Microbialites (2800 a), 0.86 MGy	metagenome	0	pooled (per 1.5 g)	sample	legacy_hybrid_workbook	1150	1938118	5320	measured_qubit_total_of_replicates	0.00021616541353383458	0.3643078947368421	TRUE	legacy_spreadsheet	workbook '2026-04-29 Low-Input Comparison Calculations.xlsx' 'Per Read Comparison'!E (= 'Zorzano et al. 2025'!Q, from G6) paired with 'Per Base Comparison'!E (= 'Zorzano et al. 2025'!R, from I6)	DEFECT (a) AXIS INCONSISTENCY, reproduced verbatim for audit: the workbook figure takes the x value from the paper's SqueezeMeta 'Reported Hits' (col G) and the y value from OUR Kraken2 minQ1 hit bases (col I). Different classifiers: here 1150 reported hits vs 497 Kraken2 hits. Provided only so the legacy figure can be reproduced; do not use for publication.
Zorzano et al. 2025	Zorzano et al.	Microbialites (2800 a), 10.45 MGy	metagenome	0	pooled (per 1.5 g)	sample	published_squeezemeta	938	168640	1908.727533460803	back_calculated_from_1.046_Mbp_per_ng	0.0004914268713352022	0.08835205499143764	TRUE	published_table	workbook '2026-04-29 Low-Input Comparison Calculations.xlsx' sheet 'Zorzano et al. 2025' G7 (hits), E7/F7 (total bases/reads), O7 (DNA fg); adapted from Zorzano et al. 2025 Supplementary Tables 1-2	Reads are the paper's own SqueezeMeta-classified 'Reported Hits'. The paper does NOT publish hit bases, so bases here are a DERIVED ESTIMATE: hits x mean read length (179.8 bp = published total bases / published total reads), i.e. hits are assumed to have the same length distribution as non-hits. That assumption is known to be wrong (our Kraken2 minQ1 hits average ~5-9x the overall mean read length), so treat this bases value as an upper-bound sketch. DNA mass was below the fluorometer detection limit; the workbook back-calculates it from the paper's main-text yield of 1.046 Mbp per ng extracted DNA (dna_ng = total_bases / 1.046e6).
Zorzano et al. 2025	Zorzano et al.	Microbialites (2800 a), 10.45 MGy	metagenome	0	pooled (per 1.5 g)	sample	kraken2_q1	691	1045059	1908.727533460803	back_calculated_from_1.046_Mbp_per_ng	0.00036202128794522894	0.547516071141466	TRUE	kraken2_reanalysis	workbook '2026-04-29 Low-Input Comparison Calculations.xlsx' sheet 'Zorzano et al. 2025' H7 (hits), I7 (hit bases), O7 (DNA fg); Zorzano et al. 2025 raw reads reanalysed with wf-metagenomics v2.14.1, kraken2, PlusPF-8 database, minQ 1	Both axes come from the same Kraken2 minQ1 reanalysis of the published raw reads, so reads/fg and bases/fg are internally consistent. This is the plot default. DNA mass was below the fluorometer detection limit; the workbook back-calculates it from the paper's main-text yield of 1.046 Mbp per ng extracted DNA (dna_ng = total_bases / 1.046e6).
Zorzano et al. 2025	Zorzano et al.	Microbialites (2800 a), 10.45 MGy	metagenome	0	pooled (per 1.5 g)	sample	legacy_hybrid_workbook	938	1045059	1908.727533460803	back_calculated_from_1.046_Mbp_per_ng	0.0004914268713352022	0.547516071141466	TRUE	legacy_spreadsheet	workbook '2026-04-29 Low-Input Comparison Calculations.xlsx' 'Per Read Comparison'!E (= 'Zorzano et al. 2025'!Q, from G7) paired with 'Per Base Comparison'!E (= 'Zorzano et al. 2025'!R, from I7)	DEFECT (a) AXIS INCONSISTENCY, reproduced verbatim for audit: the workbook figure takes the x value from the paper's SqueezeMeta 'Reported Hits' (col G) and the y value from OUR Kraken2 minQ1 hit bases (col I). Different classifiers: here 938 reported hits vs 691 Kraken2 hits. Provided only so the legacy figure can be reproduced; do not use for publication.
Zorzano et al. 2025	Zorzano et al.	Stromatolites (541 Ma)	metagenome	0	pooled (per 1.5 g)	sample	published_squeezemeta	858	173879	2145.330783938815	back_calculated_from_1.046_Mbp_per_ng	0.0003999383248604287	0.08104997201445978	TRUE	published_table	workbook '2026-04-29 Low-Input Comparison Calculations.xlsx' sheet 'Zorzano et al. 2025' G8 (hits), E8/F8 (total bases/reads), O8 (DNA fg); adapted from Zorzano et al. 2025 Supplementary Tables 1-2	Reads are the paper's own SqueezeMeta-classified 'Reported Hits'. The paper does NOT publish hit bases, so bases here are a DERIVED ESTIMATE: hits x mean read length (202.7 bp = published total bases / published total reads), i.e. hits are assumed to have the same length distribution as non-hits. That assumption is known to be wrong (our Kraken2 minQ1 hits average ~5-9x the overall mean read length), so treat this bases value as an upper-bound sketch. DNA mass was below the fluorometer detection limit; the workbook back-calculates it from the paper's main-text yield of 1.046 Mbp per ng extracted DNA (dna_ng = total_bases / 1.046e6).
Zorzano et al. 2025	Zorzano et al.	Stromatolites (541 Ma)	metagenome	0	pooled (per 1.5 g)	sample	kraken2_q1	683	1355570	2145.330783938815	back_calculated_from_1.046_Mbp_per_ng	0.0003183658227035814	0.6318699242786147	TRUE	kraken2_reanalysis	workbook '2026-04-29 Low-Input Comparison Calculations.xlsx' sheet 'Zorzano et al. 2025' H8 (hits), I8 (hit bases), O8 (DNA fg); Zorzano et al. 2025 raw reads reanalysed with wf-metagenomics v2.14.1, kraken2, PlusPF-8 database, minQ 1	Both axes come from the same Kraken2 minQ1 reanalysis of the published raw reads, so reads/fg and bases/fg are internally consistent. This is the plot default. DNA mass was below the fluorometer detection limit; the workbook back-calculates it from the paper's main-text yield of 1.046 Mbp per ng extracted DNA (dna_ng = total_bases / 1.046e6).
Zorzano et al. 2025	Zorzano et al.	Stromatolites (541 Ma)	metagenome	0	pooled (per 1.5 g)	sample	legacy_hybrid_workbook	858	1355570	2145.330783938815	back_calculated_from_1.046_Mbp_per_ng	0.0003999383248604287	0.6318699242786147	TRUE	legacy_spreadsheet	workbook '2026-04-29 Low-Input Comparison Calculations.xlsx' 'Per Read Comparison'!E (= 'Zorzano et al. 2025'!Q, from G8) paired with 'Per Base Comparison'!E (= 'Zorzano et al. 2025'!R, from I8)	DEFECT (a) AXIS INCONSISTENCY, reproduced verbatim for audit: the workbook figure takes the x value from the paper's SqueezeMeta 'Reported Hits' (col G) and the y value from OUR Kraken2 minQ1 hit bases (col I). Different classifiers: here 858 reported hits vs 683 Kraken2 hits. Provided only so the legacy figure can be reproduced; do not use for publication.
Zorzano et al. 2025	Zorzano et al.	Stromatolites (541 Ma), 10.45 MGy	metagenome	0	pooled (per 1.5 g)	sample	published_squeezemeta	697	142801	2631.11759082218	back_calculated_from_1.046_Mbp_per_ng	0.00026490644220207555	0.05427389505437387	TRUE	published_table	workbook '2026-04-29 Low-Input Comparison Calculations.xlsx' sheet 'Zorzano et al. 2025' G9 (hits), E9/F9 (total bases/reads), O9 (DNA fg); adapted from Zorzano et al. 2025 Supplementary Tables 1-2	Reads are the paper's own SqueezeMeta-classified 'Reported Hits'. The paper does NOT publish hit bases, so bases here are a DERIVED ESTIMATE: hits x mean read length (204.9 bp = published total bases / published total reads), i.e. hits are assumed to have the same length distribution as non-hits. That assumption is known to be wrong (our Kraken2 minQ1 hits average ~5-9x the overall mean read length), so treat this bases value as an upper-bound sketch. DNA mass was below the fluorometer detection limit; the workbook back-calculates it from the paper's main-text yield of 1.046 Mbp per ng extracted DNA (dna_ng = total_bases / 1.046e6).
Zorzano et al. 2025	Zorzano et al.	Stromatolites (541 Ma), 10.45 MGy	metagenome	0	pooled (per 1.5 g)	sample	kraken2_q1	653	1817749	2631.11759082218	back_calculated_from_1.046_Mbp_per_ng	0.00024818351041313533	0.6908657394639607	TRUE	kraken2_reanalysis	workbook '2026-04-29 Low-Input Comparison Calculations.xlsx' sheet 'Zorzano et al. 2025' H9 (hits), I9 (hit bases), O9 (DNA fg); Zorzano et al. 2025 raw reads reanalysed with wf-metagenomics v2.14.1, kraken2, PlusPF-8 database, minQ 1	Both axes come from the same Kraken2 minQ1 reanalysis of the published raw reads, so reads/fg and bases/fg are internally consistent. This is the plot default. DNA mass was below the fluorometer detection limit; the workbook back-calculates it from the paper's main-text yield of 1.046 Mbp per ng extracted DNA (dna_ng = total_bases / 1.046e6).
Zorzano et al. 2025	Zorzano et al.	Stromatolites (541 Ma), 10.45 MGy	metagenome	0	pooled (per 1.5 g)	sample	legacy_hybrid_workbook	697	1817749	2631.11759082218	back_calculated_from_1.046_Mbp_per_ng	0.00026490644220207555	0.6908657394639607	TRUE	legacy_spreadsheet	workbook '2026-04-29 Low-Input Comparison Calculations.xlsx' 'Per Read Comparison'!E (= 'Zorzano et al. 2025'!Q, from G9) paired with 'Per Base Comparison'!E (= 'Zorzano et al. 2025'!R, from I9)	DEFECT (a) AXIS INCONSISTENCY, reproduced verbatim for audit: the workbook figure takes the x value from the paper's SqueezeMeta 'Reported Hits' (col G) and the y value from OUR Kraken2 minQ1 hit bases (col I). Different classifiers: here 697 reported hits vs 653 Kraken2 hits. Provided only so the legacy figure can be reproduced; do not use for publication.
Zorzano et al. 2025	Zorzano et al.	Oxide iron formation (2930 Ma)	metagenome	0	pooled (per 1.5 g)	sample	published_squeezemeta	254	50075	3147.738049713193	back_calculated_from_1.046_Mbp_per_ng	8.069286452319096e-05	0.015908248783459793	TRUE	published_table	workbook '2026-04-29 Low-Input Comparison Calculations.xlsx' sheet 'Zorzano et al. 2025' G10 (hits), E10/F10 (total bases/reads), O10 (DNA fg); adapted from Zorzano et al. 2025 Supplementary Tables 1-2	Reads are the paper's own SqueezeMeta-classified 'Reported Hits'. The paper does NOT publish hit bases, so bases here are a DERIVED ESTIMATE: hits x mean read length (197.1 bp = published total bases / published total reads), i.e. hits are assumed to have the same length distribution as non-hits. That assumption is known to be wrong (our Kraken2 minQ1 hits average ~5-9x the overall mean read length), so treat this bases value as an upper-bound sketch. DNA mass was below the fluorometer detection limit; the workbook back-calculates it from the paper's main-text yield of 1.046 Mbp per ng extracted DNA (dna_ng = total_bases / 1.046e6).
Zorzano et al. 2025	Zorzano et al.	Oxide iron formation (2930 Ma)	metagenome	0	pooled (per 1.5 g)	sample	kraken2_q1	663	2198489	3147.738049713193	back_calculated_from_1.046_Mbp_per_ng	0.00021062743771210868	0.6984345473729353	TRUE	kraken2_reanalysis	workbook '2026-04-29 Low-Input Comparison Calculations.xlsx' sheet 'Zorzano et al. 2025' H10 (hits), I10 (hit bases), O10 (DNA fg); Zorzano et al. 2025 raw reads reanalysed with wf-metagenomics v2.14.1, kraken2, PlusPF-8 database, minQ 1	Both axes come from the same Kraken2 minQ1 reanalysis of the published raw reads, so reads/fg and bases/fg are internally consistent. This is the plot default. DNA mass was below the fluorometer detection limit; the workbook back-calculates it from the paper's main-text yield of 1.046 Mbp per ng extracted DNA (dna_ng = total_bases / 1.046e6).
Zorzano et al. 2025	Zorzano et al.	Oxide iron formation (2930 Ma)	metagenome	0	pooled (per 1.5 g)	sample	legacy_hybrid_workbook	254	2198489	3147.738049713193	back_calculated_from_1.046_Mbp_per_ng	8.069286452319096e-05	0.6984345473729353	TRUE	legacy_spreadsheet	workbook '2026-04-29 Low-Input Comparison Calculations.xlsx' 'Per Read Comparison'!E (= 'Zorzano et al. 2025'!Q, from G10) paired with 'Per Base Comparison'!E (= 'Zorzano et al. 2025'!R, from I10)	DEFECT (a) AXIS INCONSISTENCY, reproduced verbatim for audit: the workbook figure takes the x value from the paper's SqueezeMeta 'Reported Hits' (col G) and the y value from OUR Kraken2 minQ1 hit bases (col I). Different classifiers: here 254 reported hits vs 663 Kraken2 hits. Provided only so the legacy figure can be reproduced; do not use for publication.
Zorzano et al. 2025	Zorzano et al.	Oxide iron formation (2930 Ma), 10.45 MGy	metagenome	0	pooled (per 1.5 g)	sample	published_squeezemeta	59	8235	530.2868068833651	back_calculated_from_1.046_Mbp_per_ng	0.00011126054662147546	0.015529332227590684	TRUE	published_table	workbook '2026-04-29 Low-Input Comparison Calculations.xlsx' sheet 'Zorzano et al. 2025' G11 (hits), E11/F11 (total bases/reads), O11 (DNA fg); adapted from Zorzano et al. 2025 Supplementary Tables 1-2	Reads are the paper's own SqueezeMeta-classified 'Reported Hits'. The paper does NOT publish hit bases, so bases here are a DERIVED ESTIMATE: hits x mean read length (139.6 bp = published total bases / published total reads), i.e. hits are assumed to have the same length distribution as non-hits. That assumption is known to be wrong (our Kraken2 minQ1 hits average ~5-9x the overall mean read length), so treat this bases value as an upper-bound sketch. DNA mass was below the fluorometer detection limit; the workbook back-calculates it from the paper's main-text yield of 1.046 Mbp per ng extracted DNA (dna_ng = total_bases / 1.046e6).
Zorzano et al. 2025	Zorzano et al.	Oxide iron formation (2930 Ma), 10.45 MGy	metagenome	0	pooled (per 1.5 g)	sample	kraken2_q1	124	317393	530.2868068833651	back_calculated_from_1.046_Mbp_per_ng	0.00023383572510276199	0.5985308249801689	TRUE	kraken2_reanalysis	workbook '2026-04-29 Low-Input Comparison Calculations.xlsx' sheet 'Zorzano et al. 2025' H11 (hits), I11 (hit bases), O11 (DNA fg); Zorzano et al. 2025 raw reads reanalysed with wf-metagenomics v2.14.1, kraken2, PlusPF-8 database, minQ 1	Both axes come from the same Kraken2 minQ1 reanalysis of the published raw reads, so reads/fg and bases/fg are internally consistent. This is the plot default. DNA mass was below the fluorometer detection limit; the workbook back-calculates it from the paper's main-text yield of 1.046 Mbp per ng extracted DNA (dna_ng = total_bases / 1.046e6).
Zorzano et al. 2025	Zorzano et al.	Oxide iron formation (2930 Ma), 10.45 MGy	metagenome	0	pooled (per 1.5 g)	sample	legacy_hybrid_workbook	59	317393	530.2868068833651	back_calculated_from_1.046_Mbp_per_ng	0.00011126054662147546	0.5985308249801689	TRUE	legacy_spreadsheet	workbook '2026-04-29 Low-Input Comparison Calculations.xlsx' 'Per Read Comparison'!E (= 'Zorzano et al. 2025'!Q, from G11) paired with 'Per Base Comparison'!E (= 'Zorzano et al. 2025'!R, from I11)	DEFECT (a) AXIS INCONSISTENCY, reproduced verbatim for audit: the workbook figure takes the x value from the paper's SqueezeMeta 'Reported Hits' (col G) and the y value from OUR Kraken2 minQ1 hit bases (col I). Different classifiers: here 59 reported hits vs 124 Kraken2 hits. Provided only so the legacy figure can be reproduced; do not use for publication.
Zorzano et al. 2025	Zorzano et al.	Carbonate formation (2930 Ma)	metagenome	0	pooled (per 1.5 g)	sample	published_squeezemeta	406	59730	2180.46845124283	back_calculated_from_1.046_Mbp_per_ng	0.0001861985206750352	0.02739319615743806	TRUE	published_table	workbook '2026-04-29 Low-Input Comparison Calculations.xlsx' sheet 'Zorzano et al. 2025' G12 (hits), E12/F12 (total bases/reads), O12 (DNA fg); adapted from Zorzano et al. 2025 Supplementary Tables 1-2	Reads are the paper's own SqueezeMeta-classified 'Reported Hits'. The paper does NOT publish hit bases, so bases here are a DERIVED ESTIMATE: hits x mean read length (147.1 bp = published total bases / published total reads), i.e. hits are assumed to have the same length distribution as non-hits. That assumption is known to be wrong (our Kraken2 minQ1 hits average ~5-9x the overall mean read length), so treat this bases value as an upper-bound sketch. DNA mass was below the fluorometer detection limit; the workbook back-calculates it from the paper's main-text yield of 1.046 Mbp per ng extracted DNA (dna_ng = total_bases / 1.046e6).
Zorzano et al. 2025	Zorzano et al.	Carbonate formation (2930 Ma)	metagenome	0	pooled (per 1.5 g)	sample	kraken2_q1	645	1341325	2180.46845124283	back_calculated_from_1.046_Mbp_per_ng	0.00029580799466846726	0.6151545092227625	TRUE	kraken2_reanalysis	workbook '2026-04-29 Low-Input Comparison Calculations.xlsx' sheet 'Zorzano et al. 2025' H12 (hits), I12 (hit bases), O12 (DNA fg); Zorzano et al. 2025 raw reads reanalysed with wf-metagenomics v2.14.1, kraken2, PlusPF-8 database, minQ 1	Both axes come from the same Kraken2 minQ1 reanalysis of the published raw reads, so reads/fg and bases/fg are internally consistent. This is the plot default. DNA mass was below the fluorometer detection limit; the workbook back-calculates it from the paper's main-text yield of 1.046 Mbp per ng extracted DNA (dna_ng = total_bases / 1.046e6).
Zorzano et al. 2025	Zorzano et al.	Carbonate formation (2930 Ma)	metagenome	0	pooled (per 1.5 g)	sample	legacy_hybrid_workbook	406	1341325	2180.46845124283	back_calculated_from_1.046_Mbp_per_ng	0.0001861985206750352	0.6151545092227625	TRUE	legacy_spreadsheet	workbook '2026-04-29 Low-Input Comparison Calculations.xlsx' 'Per Read Comparison'!E (= 'Zorzano et al. 2025'!Q, from G12) paired with 'Per Base Comparison'!E (= 'Zorzano et al. 2025'!R, from I12)	DEFECT (a) AXIS INCONSISTENCY, reproduced verbatim for audit: the workbook figure takes the x value from the paper's SqueezeMeta 'Reported Hits' (col G) and the y value from OUR Kraken2 minQ1 hit bases (col I). Different classifiers: here 406 reported hits vs 645 Kraken2 hits. Provided only so the legacy figure can be reproduced; do not use for publication.
Zorzano et al. 2025	Zorzano et al.	All conditions (average reported value)	metagenome	0	aggregate	aggregate	published_total_bases				n/a		1.046	TRUE	published_table	workbook '2026-04-29 Low-Input Comparison Calculations.xlsx' 'Per Base Comparison'!E6; Zorzano et al. 2025 main text, 1.046 Mbp per ng extracted DNA	Aggregate, not a sample. The paper's headline yield of 1.046 Mbp/ng == 1.046 bases/fg, over ALL basecalled bases including unclassified and very low quality reads. Never plotted; kept because it is the most conservative published comparator (this study is ~85x higher than it).
Zorzano et al. 2025	Zorzano et al.	All conditions (Kraken2 minQ1 hits, summed)	metagenome	1	aggregate	aggregate	kraken2_q1		12592526	29788.57552581262	sum_of_per_condition_dna		0.4227300492797392	TRUE	kraken2_reanalysis	workbook '2026-04-29 Low-Input Comparison Calculations.xlsx' 'Per Base Comparison'!D7:E7 = SUM of 'Zorzano et al. 2025'!I4:I12	Aggregate, not a sample; never plotted. NOTE the workbook labels this row 'hits, assuming same length as non-hits', but the formula is SUM('Zorzano et al. 2025'!I4:I12) and column I is the measured Kraken2 minQ1 hit-base count, not a read-length extrapolation. The label is stale; the number is a direct sum of measured Kraken2 bases.
B. Raghavendra et al. 2023	Basapathi Raghavendra et al.	10 pg of E. coli lenticule discs extract	Escherichia coli	0	rep 1 / Escherichia coli	sample	kraken2_q10	4	15845	10	stated_input_mass	0.0004	1.5845	TRUE	kraken2_reanalysis	workbook '2026-04-29 Low-Input Comparison Calculations.xlsx' sheet 'B. Raghavendra et al. 2023' H3/I3/J3; fastq_pass file ANP471_pass_4d26e51d_78259c2a_0.fastq.gz from https://zenodo.org/records/8208597 reanalysed with wf-metagenomics v2.14.1, kraken2, PlusPF-8, minQ 10	DEFECT (c): our Kraken2 minQ10 reanalysis of the authors' own deposited reads gives 4 pass reads where the paper's Table 2 reports 4. Both are kept in this file; the plot uses this reanalysis by default because it is the only variant that also yields base counts. Sample total reads in the deposited file: 224.
B. Raghavendra et al. 2023	Basapathi Raghavendra et al.	10 pg of E. coli lenticule discs extract	Escherichia coli	0	rep 1 / Escherichia coli	sample	published	4		10	stated_input_mass	0.0004		TRUE	published_table	workbook '2026-04-29 Low-Input Comparison Calculations.xlsx' sheet 'B. Raghavendra et al. 2023' E3 (= Basapathi Raghavendra et al. 2023 Table 2), J3	DEFECT (c), published side: the paper reports pass READS only, no base counts, so bases/fg is undefined and these rows cannot be plotted on the y axis. Published 4 vs our Kraken2 minQ10 4 for the same file.
B. Raghavendra et al. 2023	Basapathi Raghavendra et al.	10 pg of E. coli lenticule discs extract	Escherichia coli	1	rep 2 / Escherichia coli	sample	kraken2_q10	2	21491	10	stated_input_mass	0.0002	2.1491	TRUE	kraken2_reanalysis	workbook '2026-04-29 Low-Input Comparison Calculations.xlsx' sheet 'B. Raghavendra et al. 2023' H4/I4/J4; fastq_pass file ANP315_pass_cd07c6d0_7c99cdb7_0.fastq.gz from https://zenodo.org/records/8208597 reanalysed with wf-metagenomics v2.14.1, kraken2, PlusPF-8, minQ 10	DEFECT (c): our Kraken2 minQ10 reanalysis of the authors' own deposited reads gives 2 pass reads where the paper's Table 2 reports 3. Both are kept in this file; the plot uses this reanalysis by default because it is the only variant that also yields base counts. Sample total reads in the deposited file: 73.
B. Raghavendra et al. 2023	Basapathi Raghavendra et al.	10 pg of E. coli lenticule discs extract	Escherichia coli	1	rep 2 / Escherichia coli	sample	published	3		10	stated_input_mass	0.0003		TRUE	published_table	workbook '2026-04-29 Low-Input Comparison Calculations.xlsx' sheet 'B. Raghavendra et al. 2023' E4 (= Basapathi Raghavendra et al. 2023 Table 2), J4	DEFECT (c), published side: the paper reports pass READS only, no base counts, so bases/fg is undefined and these rows cannot be plotted on the y axis. Published 3 vs our Kraken2 minQ10 2 for the same file.
B. Raghavendra et al. 2023	Basapathi Raghavendra et al.	10 pg of E. coli lenticule discs extract	Escherichia coli	2	rep 3 / Escherichia coli	sample	kraken2_q10	13	30751	10	stated_input_mass	0.0013	3.0751	TRUE	kraken2_reanalysis	workbook '2026-04-29 Low-Input Comparison Calculations.xlsx' sheet 'B. Raghavendra et al. 2023' H5/I5/J5; fastq_pass file ANR193_pass_5181599a_4b0ad359_0.fastq.gz from https://zenodo.org/records/8208597 reanalysed with wf-metagenomics v2.14.1, kraken2, PlusPF-8, minQ 10	DEFECT (c): our Kraken2 minQ10 reanalysis of the authors' own deposited reads gives 13 pass reads where the paper's Table 2 reports 1. Both are kept in this file; the plot uses this reanalysis by default because it is the only variant that also yields base counts. Sample total reads in the deposited file: 313.
B. Raghavendra et al. 2023	Basapathi Raghavendra et al.	10 pg of E. coli lenticule discs extract	Escherichia coli	2	rep 3 / Escherichia coli	sample	published	1		10	stated_input_mass	0.0001		TRUE	published_table	workbook '2026-04-29 Low-Input Comparison Calculations.xlsx' sheet 'B. Raghavendra et al. 2023' E5 (= Basapathi Raghavendra et al. 2023 Table 2), J5	DEFECT (c), published side: the paper reports pass READS only, no base counts, so bases/fg is undefined and these rows cannot be plotted on the y axis. Published 1 vs our Kraken2 minQ10 13 for the same file.
B. Raghavendra et al. 2023	Basapathi Raghavendra et al.	10 pg of YSC-2 yeast extract	Saccharomyces cerevisiae	0	rep 1 / Saccharomyces cerevisiae	sample	kraken2_q10	11	27856	10	stated_input_mass	0.0011	2.7856	TRUE	kraken2_reanalysis	workbook '2026-04-29 Low-Input Comparison Calculations.xlsx' sheet 'B. Raghavendra et al. 2023' H6/I6/J6; fastq_pass file ANR915_pass_9147095f_57891227_0.fastq.gz from https://zenodo.org/records/8208597 reanalysed with wf-metagenomics v2.14.1, kraken2, PlusPF-8, minQ 10	DEFECT (c): our Kraken2 minQ10 reanalysis of the authors' own deposited reads gives 11 pass reads where the paper's Table 2 reports 4. Both are kept in this file; the plot uses this reanalysis by default because it is the only variant that also yields base counts. Sample total reads in the deposited file: 337.
B. Raghavendra et al. 2023	Basapathi Raghavendra et al.	10 pg of YSC-2 yeast extract	Saccharomyces cerevisiae	0	rep 1 / Saccharomyces cerevisiae	sample	published	4		10	stated_input_mass	0.0004		TRUE	published_table	workbook '2026-04-29 Low-Input Comparison Calculations.xlsx' sheet 'B. Raghavendra et al. 2023' E6 (= Basapathi Raghavendra et al. 2023 Table 2), J6	DEFECT (c), published side: the paper reports pass READS only, no base counts, so bases/fg is undefined and these rows cannot be plotted on the y axis. Published 4 vs our Kraken2 minQ10 11 for the same file.
B. Raghavendra et al. 2023	Basapathi Raghavendra et al.	10 pg of YSC-2 yeast extract	Saccharomyces cerevisiae	1	rep 2 / Saccharomyces cerevisiae	sample	kraken2_q10	2	8114	10	stated_input_mass	0.0002	0.8114	TRUE	kraken2_reanalysis	workbook '2026-04-29 Low-Input Comparison Calculations.xlsx' sheet 'B. Raghavendra et al. 2023' H7/I7/J7; fastq_pass file ANQ439_pass_14b5c719_82187b38_0.fastq.gz from https://zenodo.org/records/8208597 reanalysed with wf-metagenomics v2.14.1, kraken2, PlusPF-8, minQ 10	DEFECT (c): our Kraken2 minQ10 reanalysis of the authors' own deposited reads gives 2 pass reads where the paper's Table 2 reports 4. Both are kept in this file; the plot uses this reanalysis by default because it is the only variant that also yields base counts. Sample total reads in the deposited file: 37.
B. Raghavendra et al. 2023	Basapathi Raghavendra et al.	10 pg of YSC-2 yeast extract	Saccharomyces cerevisiae	1	rep 2 / Saccharomyces cerevisiae	sample	published	4		10	stated_input_mass	0.0004		TRUE	published_table	workbook '2026-04-29 Low-Input Comparison Calculations.xlsx' sheet 'B. Raghavendra et al. 2023' E7 (= Basapathi Raghavendra et al. 2023 Table 2), J7	DEFECT (c), published side: the paper reports pass READS only, no base counts, so bases/fg is undefined and these rows cannot be plotted on the y axis. Published 4 vs our Kraken2 minQ10 2 for the same file.
B. Raghavendra et al. 2023	Basapathi Raghavendra et al.	10 pg of YSC-2 yeast extract	Saccharomyces cerevisiae	2	rep 3 / Saccharomyces cerevisiae	sample	kraken2_q10	2	2379	10	stated_input_mass	0.0002	0.2379	TRUE	kraken2_reanalysis	workbook '2026-04-29 Low-Input Comparison Calculations.xlsx' sheet 'B. Raghavendra et al. 2023' H8/I8/J8; fastq_pass file ANP378_pass_301b7512_72027704_0.fastq.gz from https://zenodo.org/records/8208597 reanalysed with wf-metagenomics v2.14.1, kraken2, PlusPF-8, minQ 10	DEFECT (c): our Kraken2 minQ10 reanalysis of the authors' own deposited reads gives 2 pass reads where the paper's Table 2 reports 2. Both are kept in this file; the plot uses this reanalysis by default because it is the only variant that also yields base counts. Sample total reads in the deposited file: 190.
B. Raghavendra et al. 2023	Basapathi Raghavendra et al.	10 pg of YSC-2 yeast extract	Saccharomyces cerevisiae	2	rep 3 / Saccharomyces cerevisiae	sample	published	2		10	stated_input_mass	0.0002		TRUE	published_table	workbook '2026-04-29 Low-Input Comparison Calculations.xlsx' sheet 'B. Raghavendra et al. 2023' E8 (= Basapathi Raghavendra et al. 2023 Table 2), J8	DEFECT (c), published side: the paper reports pass READS only, no base counts, so bases/fg is undefined and these rows cannot be plotted on the y axis. Published 2 vs our Kraken2 minQ10 2 for the same file.
B. Raghavendra et al. 2023	Basapathi Raghavendra et al.	10 pg of E. coli + 2 pg of S. cerevisiae	Escherichia coli	0	rep 1 / Escherichia coli	sample	kraken2_q10	2	1104	10	stated_input_mass	0.0002	0.1104	TRUE	kraken2_reanalysis	workbook '2026-04-29 Low-Input Comparison Calculations.xlsx' sheet 'B. Raghavendra et al. 2023' H9/I9/J9; fastq_pass file APM812_pass_b4817b78_5e181096_0.fastq.gz from https://zenodo.org/records/8208597 reanalysed with wf-metagenomics v2.14.1, kraken2, PlusPF-8, minQ 10	DEFECT (c): our Kraken2 minQ10 reanalysis of the authors' own deposited reads gives 2 pass reads where the paper's Table 3 reports 2. Both are kept in this file; the plot uses this reanalysis by default because it is the only variant that also yields base counts. Sample total reads in the deposited file: 411.
B. Raghavendra et al. 2023	Basapathi Raghavendra et al.	10 pg of E. coli + 2 pg of S. cerevisiae	Escherichia coli	0	rep 1 / Escherichia coli	sample	published	2		10	stated_input_mass	0.0002		TRUE	published_table	workbook '2026-04-29 Low-Input Comparison Calculations.xlsx' sheet 'B. Raghavendra et al. 2023' E9 (= Basapathi Raghavendra et al. 2023 Table 3), J9	DEFECT (c), published side: the paper reports pass READS only, no base counts, so bases/fg is undefined and these rows cannot be plotted on the y axis. Published 2 vs our Kraken2 minQ10 2 for the same file.
B. Raghavendra et al. 2023	Basapathi Raghavendra et al.	10 pg of E. coli + 2 pg of S. cerevisiae	Saccharomyces cerevisiae	1	rep 1 / Saccharomyces cerevisiae	sample	kraken2_q10	2	1779	2	stated_input_mass	0.001	0.8895	TRUE	kraken2_reanalysis	workbook '2026-04-29 Low-Input Comparison Calculations.xlsx' sheet 'B. Raghavendra et al. 2023' H10/I10/J10; fastq_pass file APM812_pass_b4817b78_5e181096_0.fastq.gz from https://zenodo.org/records/8208597 reanalysed with wf-metagenomics v2.14.1, kraken2, PlusPF-8, minQ 10	DEFECT (c): our Kraken2 minQ10 reanalysis of the authors' own deposited reads gives 2 pass reads where the paper's Table 3 reports 2. Both are kept in this file; the plot uses this reanalysis by default because it is the only variant that also yields base counts. Sample total reads in the deposited file: 411.
B. Raghavendra et al. 2023	Basapathi Raghavendra et al.	10 pg of E. coli + 2 pg of S. cerevisiae	Saccharomyces cerevisiae	1	rep 1 / Saccharomyces cerevisiae	sample	published	2		2	stated_input_mass	0.001		TRUE	published_table	workbook '2026-04-29 Low-Input Comparison Calculations.xlsx' sheet 'B. Raghavendra et al. 2023' E10 (= Basapathi Raghavendra et al. 2023 Table 3), J10	DEFECT (c), published side: the paper reports pass READS only, no base counts, so bases/fg is undefined and these rows cannot be plotted on the y axis. Published 2 vs our Kraken2 minQ10 2 for the same file.
B. Raghavendra et al. 2023	Basapathi Raghavendra et al.	10 pg of E. coli + 2 pg of S. cerevisiae	Escherichia coli	2	rep 2 / Escherichia coli	sample	kraken2_q10	32	29379	10	stated_input_mass	0.0032	2.9379	TRUE	kraken2_reanalysis	workbook '2026-04-29 Low-Input Comparison Calculations.xlsx' sheet 'B. Raghavendra et al. 2023' H11/I11/J11; fastq_pass file AQD920_pass_60a8e58c_0522ae15_0.fastq.gz from https://zenodo.org/records/8208597 reanalysed with wf-metagenomics v2.14.1, kraken2, PlusPF-8, minQ 10	DEFECT (c): our Kraken2 minQ10 reanalysis of the authors' own deposited reads gives 32 pass reads where the paper's Table 3 reports 120. Both are kept in this file; the plot uses this reanalysis by default because it is the only variant that also yields base counts. Sample total reads in the deposited file: 1180.
B. Raghavendra et al. 2023	Basapathi Raghavendra et al.	10 pg of E. coli + 2 pg of S. cerevisiae	Escherichia coli	2	rep 2 / Escherichia coli	sample	published	120		10	stated_input_mass	0.012		TRUE	published_table	workbook '2026-04-29 Low-Input Comparison Calculations.xlsx' sheet 'B. Raghavendra et al. 2023' E11 (= Basapathi Raghavendra et al. 2023 Table 3), J11	DEFECT (c), published side: the paper reports pass READS only, no base counts, so bases/fg is undefined and these rows cannot be plotted on the y axis. Published 120 vs our Kraken2 minQ10 32 for the same file.
B. Raghavendra et al. 2023	Basapathi Raghavendra et al.	10 pg of E. coli + 2 pg of S. cerevisiae	Saccharomyces cerevisiae	3	rep 2 / Saccharomyces cerevisiae	sample	kraken2_q10	157	73040	2	stated_input_mass	0.0785	36.52	TRUE	kraken2_reanalysis	workbook '2026-04-29 Low-Input Comparison Calculations.xlsx' sheet 'B. Raghavendra et al. 2023' H12/I12/J12; fastq_pass file AQD920_pass_60a8e58c_0522ae15_0.fastq.gz from https://zenodo.org/records/8208597 reanalysed with wf-metagenomics v2.14.1, kraken2, PlusPF-8, minQ 10	DEFECT (c): our Kraken2 minQ10 reanalysis of the authors' own deposited reads gives 157 pass reads where the paper's Table 3 reports 17. Both are kept in this file; the plot uses this reanalysis by default because it is the only variant that also yields base counts. Sample total reads in the deposited file: 1180.
B. Raghavendra et al. 2023	Basapathi Raghavendra et al.	10 pg of E. coli + 2 pg of S. cerevisiae	Saccharomyces cerevisiae	3	rep 2 / Saccharomyces cerevisiae	sample	published	17		2	stated_input_mass	0.0085		TRUE	published_table	workbook '2026-04-29 Low-Input Comparison Calculations.xlsx' sheet 'B. Raghavendra et al. 2023' E12 (= Basapathi Raghavendra et al. 2023 Table 3), J12	DEFECT (c), published side: the paper reports pass READS only, no base counts, so bases/fg is undefined and these rows cannot be plotted on the y axis. Published 17 vs our Kraken2 minQ10 157 for the same file.
B. Raghavendra et al. 2023	Basapathi Raghavendra et al.	10 pg of S. cerevisiae + 2 pg of E. coli	Escherichia coli	0	rep 1 / Escherichia coli	sample	kraken2_q10	29	39088	2	stated_input_mass	0.0145	19.544	TRUE	kraken2_reanalysis	workbook '2026-04-29 Low-Input Comparison Calculations.xlsx' sheet 'B. Raghavendra et al. 2023' H13/I13/J13; fastq_pass file APU620_pass_3e0bfa22_1e2b9d5d_0.fastq.gz from https://zenodo.org/records/8208597 reanalysed with wf-metagenomics v2.14.1, kraken2, PlusPF-8, minQ 10	DEFECT (c): our Kraken2 minQ10 reanalysis of the authors' own deposited reads gives 29 pass reads where the paper's Table 3 reports 88. Both are kept in this file; the plot uses this reanalysis by default because it is the only variant that also yields base counts. Sample total reads in the deposited file: 2110.
B. Raghavendra et al. 2023	Basapathi Raghavendra et al.	10 pg of S. cerevisiae + 2 pg of E. coli	Escherichia coli	0	rep 1 / Escherichia coli	sample	published	88		2	stated_input_mass	0.044		TRUE	published_table	workbook '2026-04-29 Low-Input Comparison Calculations.xlsx' sheet 'B. Raghavendra et al. 2023' E13 (= Basapathi Raghavendra et al. 2023 Table 3), J13	DEFECT (c), published side: the paper reports pass READS only, no base counts, so bases/fg is undefined and these rows cannot be plotted on the y axis. Published 88 vs our Kraken2 minQ10 29 for the same file.
B. Raghavendra et al. 2023	Basapathi Raghavendra et al.	10 pg of S. cerevisiae + 2 pg of E. coli	Saccharomyces cerevisiae	1	rep 1 / Saccharomyces cerevisiae	sample	kraken2_q10	136	120186	10	stated_input_mass	0.0136	12.0186	TRUE	kraken2_reanalysis	workbook '2026-04-29 Low-Input Comparison Calculations.xlsx' sheet 'B. Raghavendra et al. 2023' H14/I14/J14; fastq_pass file APU620_pass_3e0bfa22_1e2b9d5d_0.fastq.gz from https://zenodo.org/records/8208597 reanalysed with wf-metagenomics v2.14.1, kraken2, PlusPF-8, minQ 10	DEFECT (c): our Kraken2 minQ10 reanalysis of the authors' own deposited reads gives 136 pass reads where the paper's Table 3 reports 243. Both are kept in this file; the plot uses this reanalysis by default because it is the only variant that also yields base counts. Sample total reads in the deposited file: 2110.
B. Raghavendra et al. 2023	Basapathi Raghavendra et al.	10 pg of S. cerevisiae + 2 pg of E. coli	Saccharomyces cerevisiae	1	rep 1 / Saccharomyces cerevisiae	sample	published	243		10	stated_input_mass	0.0243		TRUE	published_table	workbook '2026-04-29 Low-Input Comparison Calculations.xlsx' sheet 'B. Raghavendra et al. 2023' E14 (= Basapathi Raghavendra et al. 2023 Table 3), J14	DEFECT (c), published side: the paper reports pass READS only, no base counts, so bases/fg is undefined and these rows cannot be plotted on the y axis. Published 243 vs our Kraken2 minQ10 136 for the same file.
B. Raghavendra et al. 2023	Basapathi Raghavendra et al.	10 pg of S. cerevisiae + 2 pg of E. coli	Escherichia coli	2	rep 2 / Escherichia coli	sample	kraken2_q10	35	35244	2	stated_input_mass	0.0175	17.622	TRUE	kraken2_reanalysis	workbook '2026-04-29 Low-Input Comparison Calculations.xlsx' sheet 'B. Raghavendra et al. 2023' H15/I15/J15; fastq_pass file APN068_pass_0a186932_3420adab_0.fastq.gz from https://zenodo.org/records/8208597 reanalysed with wf-metagenomics v2.14.1, kraken2, PlusPF-8, minQ 10	DEFECT (c): our Kraken2 minQ10 reanalysis of the authors' own deposited reads gives 35 pass reads where the paper's Table 3 reports 78. Both are kept in this file; the plot uses this reanalysis by default because it is the only variant that also yields base counts. Sample total reads in the deposited file: 4700.
B. Raghavendra et al. 2023	Basapathi Raghavendra et al.	10 pg of S. cerevisiae + 2 pg of E. coli	Escherichia coli	2	rep 2 / Escherichia coli	sample	published	78		2	stated_input_mass	0.039		TRUE	published_table	workbook '2026-04-29 Low-Input Comparison Calculations.xlsx' sheet 'B. Raghavendra et al. 2023' E15 (= Basapathi Raghavendra et al. 2023 Table 3), J15	DEFECT (c), published side: the paper reports pass READS only, no base counts, so bases/fg is undefined and these rows cannot be plotted on the y axis. Published 78 vs our Kraken2 minQ10 35 for the same file.
B. Raghavendra et al. 2023	Basapathi Raghavendra et al.	10 pg of S. cerevisiae + 2 pg of E. coli	Saccharomyces cerevisiae	3	rep 2 / Saccharomyces cerevisiae	sample	kraken2_q10	10	3856	10	stated_input_mass	0.001	0.3856	TRUE	kraken2_reanalysis	workbook '2026-04-29 Low-Input Comparison Calculations.xlsx' sheet 'B. Raghavendra et al. 2023' H16/I16/J16; fastq_pass file APN068_pass_0a186932_3420adab_0.fastq.gz from https://zenodo.org/records/8208597 reanalysed with wf-metagenomics v2.14.1, kraken2, PlusPF-8, minQ 10	DEFECT (c): our Kraken2 minQ10 reanalysis of the authors' own deposited reads gives 10 pass reads where the paper's Table 3 reports 263. Both are kept in this file; the plot uses this reanalysis by default because it is the only variant that also yields base counts. Sample total reads in the deposited file: 4700. The paper's value of 263 appears to be a transcription error: 263 is the TOTAL number of reads in that file, not the number assigned to the target organism.
B. Raghavendra et al. 2023	Basapathi Raghavendra et al.	10 pg of S. cerevisiae + 2 pg of E. coli	Saccharomyces cerevisiae	3	rep 2 / Saccharomyces cerevisiae	sample	published	263		10	stated_input_mass	0.0263		TRUE	published_table	workbook '2026-04-29 Low-Input Comparison Calculations.xlsx' sheet 'B. Raghavendra et al. 2023' E16 (= Basapathi Raghavendra et al. 2023 Table 3), J16	DEFECT (c), published side: the paper reports pass READS only, no base counts, so bases/fg is undefined and these rows cannot be plotted on the y axis. Published 263 vs our Kraken2 minQ10 10 for the same file. The paper's 263 is almost certainly a typo for the file's total read count.
